FIPS,Cropland in 12 (arce),CoverCrop in 12 (arce),Cropland in 17 (arce),CoverCrop in 17 (acre)
17001,294180,6055,382809,12092
17003,51809,NA,43073,873
17005,176740,2476,149841,3871
17007,126852,660,106043,1385
17009,85466,854,88173,3727
17011,410806,5490,408184,13387
17013,48502,1632,68694,901
17015,218830,9605,210029,14916
17017,151066,2496,169820,9006
17019,591132,7272,566389,9801
17021,352741,1117,382573,2334
17023,230264,2100,227699,1980
17025,235247,2211,258700,11845
17027,259554,3561,214880,8809
17029,245919,1853,219856,4039
17031,7501,222,10763,298
17033,186745,4670,193454,6785
17035,143465,1497,145698,2822
17037,383524,5975,362602,7646
17039,182583,447,177076,1263
17041,247840,1692,236634,2597
17043,5878,46,1643,9
17045,326251,976,299471,1733
17047,88078,1307,98585,8637
17049,241885,3096,260693,10009
17051,248237,3069,297846,5410
17053,298030,1658,262743,6324
17055,152745,1808,148811,5616
17057,266405,2561,305497,11258
17059,170317,4142,161336,5655
17061,233393,2161,257831,4049
17063,206043,1208,224916,3090
17065,195256,4020,174396,6085
17067,315713,3113,378185,11572
17069,16839,NA,21201,310
17071,141710,1966,165133,3186
17073,436769,4483,440794,13108
17075,638205,5719,655873,25126
17077,172948,2195,176757,7335
17079,218212,1921,218747,9412
17081,172485,4081,222563,6805
17083,126072,3476,152145,3796
17085,190246,9506,202143,13565
17087,48244,1547,55766,2962
17089,154299,1528,161894,5512
17091,327931,4042,300446,5635
17093,123621,503,133626,1029
17095,288679,2875,355450,10995
17097,21960,872,23883,74
17099,569010,3445,545372,13589
17101,169332,3550,205546,8674
17103,348914,4583,374374,4167
17105,632131,6738,581336,13759
17107,343001,1062,338070,4908
17109,253450,4476,272539,12536
17111,212556,1894,189679,1522
17113,653874,9572,599923,19119
17115,321693,1391,267950,7055
17117,371038,5160,355347,14783
17119,276513,8904,287787,5775
17121,216922,2306,203675,5864
17123,183698,3426,180681,7493
17125,265513,11074,289261,15925
17127,83297,1624,95531,5795
17129,139895,515,139020,2635
17131,212331,3279,247317,11709
17133,167706,1433,151019,3575
17135,346716,2656,398142,12757
17137,272320,6172,265152,15901
17139,194158,2163,194929,2637
17141,335850,2529,326755,5182
17143,211085,2142,216260,4749
17145,143923,1712,153514,7018
17147,251404,1444,251190,4399
17149,310211,4683,342907,9000
17151,43600,406,30878,1155
17153,64727,1115,83055,4927
17155,52344,452,43680,1997
17157,228029,3363,216508,4925
17159,167313,1134,158227,2527
17161,119622,1609,132355,5900
17163,227432,2455,218849,7645
17165,117680,2598,122313,4116
17167,475849,2272,496785,4711
17169,124557,1532,153839,2754
17171,122771,5328,131814,6204
17173,362661,4124,325665,7242
17175,159464,1232,169228,5073
17177,315752,9423,277856,13739
17179,304039,6262,282185,9824
17181,79343,2136,110655,3639
17183,409458,5419,443698,11266
17185,94366,997,105575,4381
17187,306004,2089,301432,4742
17189,325688,7565,325708,10151
17191,318671,4646,319637,10822
17193,275108,2037,256757,9451
17195,369972,6221,340355,13867
17197,221175,1437,208158,3793
17199,72131,4391,73251,6493
17201,159634,1122,161005,4509
17203,291630,3522,258978,13042
18001,185993,4030,194386,10859
18003,241522,6204,249509,18532
18005,153445,5875,142214,14638
18007,247354,6073,246360,19072
18009,81200,146,86315,1332
18011,210331,4182,219906,4600
18013,6624,17,5737,22
18015,189494,7669,213426,12492
18017,181564,5206,182729,7104
18019,54233,2820,68601,1593
18021,137399,6621,139110,4806
18023,211606,11988,238786,16288
18027,189354,15448,193193,28556
18029,26763,1031,29826,652
18031,162621,7071,179208,14267
18033,136807,3750,140136,12642
18035,160372,1490,157627,6543
18037,130027,16537,133395,15915
18039,140172,12432,146466,17755
18041,63789,3126,72207,3564
18043,12238,1578,13838,3743
18045,190497,5700,187354,8932
18047,85112,3313,92172,7228
18049,169438,10719,197481,12246
18051,250308,12353,203091,17019
18053,171451,934,181399,1086
18055,132916,7995,124174,20449
18057,120899,7181,117445,10162
18059,156589,901,161238,9382
18061,85030,7631,100679,10576
18063,200890,12078,141477,5936
18065,158443,2019,151901,4972
18067,134536,2747,138046,4433
18069,172569,5210,181427,4585
18071,139887,6680,155928,12459
18073,256664,9084,251565,13958
18075,156302,5301,190321,19284
18077,61745,2370,66906,3317
18079,87673,5546,91142,9663
18081,131576,2013,121977,2546
18083,303955,38316,289932,36728
18085,219587,19472,229746,34972
18087,147420,17137,144137,25072
18089,124208,3662,106022,4479
18091,209291,17127,229986,33902
18093,70792,13768,82331,7582
18095,191450,3270,197962,9459
18099,181845,7308,177259,12716
18101,39028,5587,35275,4190
18103,159071,6927,175101,12702
18105,27593,833,22246,560
18107,264631,11176,260005,8911
18109,114176,2068,111382,2908
18111,174277,1373,161348,10927
18113,150121,14255,172337,23274
18115,10493,899,11079,486
18117,56872,9826,72223,3452
18119,62472,2610,73571,4875
18121,120910,7480,139945,3785
18123,30692,1797,42161,3275
18125,65045,4054,63345,11806
18127,109400,1822,114702,5270
18129,215660,8344,175222,19238
18131,197116,5984,217733,19529
18133,156037,13101,140435,16799
18135,216595,3987,224483,11328
18137,124071,4707,132104,9836
18139,188691,4592,195497,6468
18141,136304,4060,133830,6995
18143,38376,1894,45693,3663
18145,220574,6779,207442,9673
18147,132508,9602,133517,10641
18149,115367,4456,130583,13674
18151,84596,3448,101665,6256
18153,149999,9371,139558,6800
18155,25907,2716,27797,1746
18157,201720,9395,196970,24507
18159,138655,1607,155938,2965
18161,63892,1759,70965,3182
18163,70568,4610,60995,3974
18165,100269,5067,104367,11435
18167,101345,1671,100878,2621
18169,172916,11124,190281,10167
18171,156497,4729,167915,8360
18173,88565,12495,86405,10368
18175,142768,15910,147048,25313
18177,124601,6274,131488,5910
18179,189036,3094,215386,10598
18181,267726,4730,266451,4887
18183,120288,3616,154095,9833
19001,251540,5154,261525,8669
19003,165853,3060,174101,6661
19005,185754,6963,188834,11364
19007,111843,6123,108260,1824
19009,251918,2116,253353,12387
19011,381759,12498,384167,21574
19013,273813,2908,275599,18032
19015,283251,3510,288726,6476
19017,242541,3481,240844,6161
19019,318462,5937,309532,10886
19021,333950,2697,334859,11942
19023,330867,3343,333476,13656
19025,337429,1481,334002,8384
19027,328077,3751,319539,10489
19029,240732,2546,241915,6678
19031,275638,1995,307849,19053
19033,306276,1003,305223,1837
19035,290417,2524,299429,7300
19037,271262,3343,269201,9641
19039,98944,1906,112241,3084
19041,292462,839,306817,5739
19043,291664,7246,305462,23102
19045,372073,5104,358889,9944
19047,404713,4948,391027,14985
19049,270743,3373,257558,4704
19051,135167,5581,121756,10027
19053,136992,2258,142639,6218
19055,321161,7821,321560,11995
19057,137576,950,143857,4699
19059,173603,1182,176488,3377
19061,224256,12719,258498,15779
19063,201900,523,211870,4118
19065,333297,4243,337560,14624
19067,291111,1581,286289,11858
19069,336741,1288,330040,8360
19071,253930,707,247195,8171
19073,325589,3100,322982,10573
19075,301114,3422,296252,21788
19077,262152,5225,268434,10548
19079,305126,2028,296211,2937
19081,338379,5089,334932,2915
19083,306237,812,310618,6391
19085,343292,1726,336227,5866
19087,220657,4964,213754,9919
19089,273269,4010,273650,14203
19091,220139,543,230807,7641
19093,234140,658,239250,2863
19095,275469,5427,283425,23528
19097,214246,6712,228436,11978
19099,324792,6137,319993,16510
19101,153400,4011,170391,17224
19103,285139,7124,264857,21561
19105,255729,5007,285948,7230
19107,240609,4316,262909,24317
19109,568629,2987,573419,8885
19111,172333,3996,166439,5306
19113,292561,4187,284575,14745
19115,139524,4264,165329,16072
19117,101496,1487,106942,5061
19119,334006,7011,318213,14971
19121,184056,1738,179266,4905
19123,273911,3427,262888,10011
19125,199958,4622,195722,8941
19127,280597,1359,289604,15100
19129,182255,1214,188905,6361
19131,272780,3151,271963,13101
19133,300638,3665,293163,4778
19135,111752,1671,113909,4049
19137,207448,1586,213191,5492
19139,183169,5998,187423,10169
19141,276479,2436,294015,3229
19143,223260,2350,224969,5756
19145,263037,3356,272595,11933
19147,340756,4923,329418,3777
19149,479844,3011,452619,15127
19151,317484,6807,319496,8546
19153,178551,2266,173854,8280
19155,481829,4239,465156,13711
19157,286815,5364,293662,10447
19159,178811,2078,208921,2297
19161,332957,4692,330692,9275
19163,201361,3284,201724,7004
19165,344274,4851,343507,7979
19167,442375,8849,453455,16473
19169,279417,2504,284215,14615
19171,351667,5963,362156,15942
19173,211993,2807,225275,5750
19175,147608,2493,176619,3055
19177,140830,2655,139752,2955
19179,138692,2904,152967,7334
19181,183991,4033,181717,4944
19183,264570,11451,263705,30819
19185,198977,4025,201810,3072
19187,383606,2644,387112,7198
19189,221994,1094,234470,1331
19191,305262,11547,322614,17029
19193,384576,4133,395591,6809
19195,218403,747,223105,3293
19197,344622,2732,340562,5395
20001,129459,1973,133036,4330
20003,223964,5736,242149,10007
20005,144421,875,174297,6841
20007,193056,1529,236520,3100
20009,421276,4002,425271,10563
20011,126446,2523,132043,448
20013,232340,1289,258601,7354
20015,295902,2651,323535,10681
20017,56042,1407,65273,4725
20019,39655,1233,41580,328
20021,226441,7695,234945,722
20023,336712,3233,340729,2754
20025,191386,678,156196,1534
20027,230795,2137,259735,4685
20029,208841,2384,203186,6986
20031,183403,3438,218978,9284
20033,144933,268,152257,708
20035,266122,1491,232858,2102
20037,192100,2163,208447,309
20039,269092,3270,254299,5174
20041,335353,6376,364449,7415
20043,133827,745,144927,3416
20045,127256,979,159261,1850
20047,284890,8886,275129,2516
20049,51358,387,56854,362
20051,253440,1070,270447,747
20053,182724,633,200028,6240
20055,670412,3841,679472,4193
20057,541737,6902,529171,2323
20059,200819,3466,222549,3941
20061,57871,313,65137,2532
20063,368918,3769,362338,7038
20065,291969,1255,278664,611
20067,298194,1441,304628,1933
20069,420910,5775,439359,2677
20071,458212,1641,437185,2372
20073,103994,3227,112385,2203
20077,329027,3914,337055,3080
20079,297248,5801,297922,10821
20081,258979,1847,320883,640
20083,328079,939,319917,1679
20085,136084,3111,168631,8640
20087,133441,2487,153276,2625
20089,294769,4694,293527,11863
20091,59216,736,56386,333
20093,423551,2910,415995,2443
20095,329320,2222,316502,6781
20097,233184,4721,256307,11444
20099,196661,1349,220245,793
20103,102477,1937,112032,4731
20105,204683,2836,199561,3655
20107,167831,1865,156904,4344
20109,329378,241,340074,3215
20111,228383,3106,267510,8706
20113,409127,4242,415521,19654
20115,341358,6741,334705,11485
20117,301711,4476,361473,14923
20119,372159,2420,331600,1747
20121,166460,8388,181564,11652
20123,303529,6161,297836,5447
20125,163140,848,202893,1562
20127,153927,2392,170721,4009
20129,389331,685,330988,245
20131,259025,6046,286088,13215
20133,175355,685,169925,2847
20135,412300,429,404621,435
20137,270553,2988,284007,3346
20139,251355,5186,252612,14773
20141,232528,1683,228625,6219
20143,238999,3607,242208,4671
20145,398498,7307,397884,12401
20147,232168,1510,254143,3284
20149,164940,3894,158694,6829
20151,356801,7312,366455,12569
20153,354869,921,355965,627
20155,591675,11016,590749,25317
20157,258537,1866,269090,7434
20159,360927,8345,366052,32225
20161,99399,1938,106110,7253
20163,316949,1162,320219,4713
20165,321902,4177,323167,4274
20167,234870,624,263324,3707
20169,236242,3095,223309,1594
20171,363433,6663,365676,2613
20173,395977,6005,408872,10092
20175,307674,2363,263690,5820
20177,117689,3818,126486,7790
20179,363453,2060,358454,4698
20181,498656,960,491609,1751
20183,334362,2797,363167,5108
20185,396537,2770,392975,9642
20187,390581,426,396108,1203
20189,354277,2277,369963,2419
20191,592945,6383,630322,15072
20195,258660,3770,276338,1587
20197,107629,1686,114241,2032
20199,353295,361,303121,201
20201,298156,8676,336673,10344
20203,351176,3251,367854,1285
20205,142355,353,180178,872
20207,153922,420,135418,1339
21001,66574,3916,76836,5635
21003,52263,3758,74231,4316
21005,29432,1328,29055,784
21007,85220,7642,75295,9117
21009,130004,9818,141417,13981
21011,47863,1330,46737,1889
21013,1753,30,3409,39
21015,28317,1500,36559,1738
21017,74806,5061,74887,4673
21019,4834,83,3528,31
21021,41867,3452,36759,1753
21023,28999,3098,32444,1745
21025,4843,119,3590,155
21027,116614,12011,126792,14726
21029,20200,1234,19329,615
21031,62776,2121,75630,3762
21033,85467,1859,86529,2770
21035,131921,24306,102529,8817
21037,14974,239,15878,451
21039,79596,6131,73119,9406
21041,21674,476,17857,205
21043,22692,349,23391,487
21045,60559,3878,65377,4844
21047,252280,10251,245761,11131
21049,50458,1215,66359,1831
21051,9933,777,8283,711
21053,25989,1062,23805,968
21055,83004,2484,79223,3489
21057,17657,80,22566,483
21059,190211,10430,190812,11184
21061,34892,1047,38095,1465
21063,13510,124,15122,500
21065,14051,246,14247,536
21067,40354,2194,33687,4636
21069,73112,8323,77301,6073
21073,30063,1220,29350,1612
21075,74334,1680,86622,3598
21077,10794,861,14213,716
21079,43690,2385,56763,4261
21081,32984,1218,35465,2422
21083,221852,13518,194771,9400
21085,87091,3952,95299,7205
21087,67442,4680,76140,4766
21089,17513,210,18966,274
21091,23396,1318,21398,233
21093,114429,7929,109575,12315
21097,64247,4615,71208,3332
21099,76126,3301,73759,4509
21101,150008,3101,156797,2262
21103,58161,2568,65247,4040
21105,119650,9172,103868,9632
21107,94245,1377,91022,851
21109,23043,415,26110,191
21111,10955,342,7572,255
21113,33566,960,32354,846
21117,15144,533,15921,425
21121,9583,41,11986,228
21123,66947,6460,67671,5860
21125,35031,795,35086,927
21127,6458,75,7943,178
21129,5435,150,8531,111
21133,433,7,418,4
21135,32816,2284,41746,1538
21137,72576,7445,68970,10803
21139,62457,6853,61645,2949
21141,192361,7781,195196,14000
21143,23614,1269,17625,849
21145,49731,1366,50591,2931
21147,3304,16,3782,224
21149,96487,3453,108090,5688
21151,72977,2495,74790,2569
21153,7888,161,7072,74
21155,70227,8433,85208,10480
21157,54795,925,52889,3004
21161,57923,6515,68700,9414
21163,63718,6007,80352,15422
21165,9975,370,8188,104
21167,59424,2281,59668,4122
21169,49686,2543,58573,5283
21171,61978,7370,61118,9302
21173,40011,1036,41024,2497
21175,24072,444,23194,512
21177,67127,1869,69285,2200
21179,97168,8124,114006,9500
21181,40923,2974,39376,1914
21183,78814,2982,86351,3396
21185,24266,633,21330,410
21187,45754,1887,61679,1884
21189,6857,435,10276,289
21191,31723,1324,38222,1745
21193,899,49,5587,415
21199,90071,5815,100251,6330
21201,12718,485,14510,327
21203,30272,709,27756,618
21205,15037,574,13145,325
21207,34915,2023,42215,3183
21209,48052,3590,56109,4252
21211,111258,9308,124417,11204
21213,78545,1531,88257,1044
21215,31157,2261,34840,6093
21217,59479,3904,61098,3869
21219,126649,5745,127476,9884
21221,71774,1727,75939,4631
21223,19025,1248,30365,843
21225,167932,2739,172754,4147
21227,146183,4447,156648,7319
21229,55949,5425,67509,5705
21231,40821,1706,34528,1176
21233,107882,4147,122953,3976
21235,16857,290,20172,234
21237,8000,138,10172,72
21239,34655,1640,41963,2067
26001,23802,984,24086,786
26003,8736,65,9937,240
26005,233343,10565,196870,15899
26007,44122,2389,42206,1050
26009,33944,2500,34179,1683
26011,63020,3137,72958,2968
26015,119383,7886,119174,8056
26017,174498,11654,197074,28743
26019,9818,535,8706,653
26021,126096,7113,123529,8385
26023,197706,10240,204244,11318
26025,175599,4684,174553,5585
26027,147980,8517,163681,14775
26029,20790,677,14110,342
26031,21791,366,22124,547
26033,57377,1850,53245,855
26035,30675,1376,30407,380
26037,205697,6229,200898,9679
26041,35030,1212,29049,1805
26043,15485,461,8748,654
26045,176088,4805,177091,9003
26047,17872,450,20548,803
26049,102603,3858,104329,9334
26051,40121,1001,36517,1656
26053,2369,80,1825,42
26055,36373,3663,36096,2519
26057,259530,12028,272446,11670
26059,207931,5935,212346,13829
26061,10846,390,13353,1146
26063,405985,51694,458761,102744
26065,167391,4784,152247,5963
26067,203105,6066,200122,10274
26069,23662,927,22913,918
26071,9454,1241,10638,1060
26073,148858,5708,174203,9049
26075,136040,3002,125804,9637
26077,112853,5116,111842,9041
26079,12859,1988,16318,3040
26081,120547,5978,124769,10071
26085,11460,136,11844,513
26087,137097,8360,128679,10443
26089,33270,1760,29946,3210
26091,299349,15812,345221,18596
26093,60990,1938,67218,3296
26097,11467,143,13204,84
26099,58407,1784,66628,1771
26101,20081,2877,19323,2874
26103,9186,257,11318,773
26105,56689,6987,62996,9426
26107,79735,8494,81522,7713
26109,50289,2073,47190,3437
26111,69506,2533,69899,2296
26113,71687,4911,88669,5012
26115,196178,9824,194088,5750
26117,181062,25682,191937,29979
26119,14581,502,16313,723
26121,48974,3546,45758,2740
26123,83384,6615,96749,11657
26125,18759,958,17417,919
26127,89357,13509,93641,16805
26129,40218,1572,47739,386
26131,13900,241,12519,128
26133,64658,1941,67390,3473
26135,7870,569,6516,372
26137,14295,537,17534,1286
26139,138148,6183,145207,7396
26141,45428,1762,41011,2396
26143,2703,249,2949,330
26145,274451,10571,300464,13005
26147,151643,1470,160322,2878
26149,188221,32519,212343,58319
26151,405497,20716,400979,43186
26153,5348,47,5892,220
26155,195229,7084,187115,8687
26157,284535,17646,298460,47947
26159,125089,7637,118101,11042
26161,133455,4797,150403,4937
26163,10852,255,7800,279
26165,23744,748,26164,2136
27001,61792,1308,54095,313
27003,32950,619,29420,566
27005,309942,5365,255999,6367
27007,88216,3351,79842,1178
27009,139942,4483,155769,3244
27013,338830,2356,355453,8665
27015,296379,3539,330839,4336
27017,42431,912,41339,716
27019,131550,2360,136071,584
27021,61267,1524,57910,790
27023,310612,23930,320528,21548
27025,76150,1615,82706,939
27027,555239,4130,538136,9497
27029,76181,1748,76106,2706
27033,336445,1345,345460,7008
27035,44788,1221,41839,3381
27037,192659,5033,205444,11174
27039,202525,2118,231948,2880
27041,197806,2722,205324,2773
27043,370187,4464,388946,8765
27045,316843,9752,287633,8853
27047,356653,2723,374911,10366
27049,329994,7335,325761,9124
27051,279634,3573,302999,8434
27053,54284,2157,36623,1640
27055,129356,4715,125785,3280
27057,68940,2245,53391,2491
27059,98929,1135,96253,1458
27061,40139,400,36637,877
27063,329974,2411,335524,13176
27065,65870,797,66162,853
27067,354055,9917,402756,12214
27069,391057,1825,408591,3028
27071,24674,810,28160,711
27073,407869,5092,375245,2759
27077,56199,713,67779,879
27079,207466,1007,224188,1490
27081,256638,1695,269765,8780
27083,379676,3202,366313,5969
27085,236951,3025,248863,2056
27087,178461,2677,186284,9139
27089,740407,8221,824103,21578
27091,405588,1583,434319,2005
27093,259935,3472,262081,4945
27095,78935,1808,86918,799
27097,256103,13710,232790,9008
27099,422921,7888,420938,6787
27101,374929,5577,362578,9458
27103,249992,5839,249513,3708
27105,350983,1707,392313,6473
27107,492474,8029,498943,13400
27109,209399,5174,239087,9397
27111,623346,17231,576163,19501
27113,225497,787,249201,1562
27115,103782,1127,81694,1483
27117,206004,2238,210561,4278
27119,991405,21151,938528,53860
27121,267478,2471,280326,5883
27125,167739,691,189347,3381
27127,489626,4549,494893,6041
27129,589089,31819,598247,37900
27131,197330,4344,192613,7018
27133,252671,1193,266434,4281
27135,445387,5739,463108,7147
27137,60400,987,67103,1425
27139,111627,1889,97972,1020
27141,88663,6551,78462,12794
27143,318627,4245,326640,5627
27145,582796,24906,515928,17017
27147,217923,1530,233482,3740
27149,297309,1858,308002,8709
27151,326631,3515,316378,7108
27153,248050,7438,210494,5808
27155,334992,5142,350906,5880
27157,177784,6590,175836,9327
27159,83490,2130,75336,5809
27161,213590,1029,231047,1986
27163,58485,796,57763,2130
27165,223268,1249,241120,1401
27167,428789,21551,414596,16957
27169,180009,9866,180797,6836
27171,231832,5825,203685,3571
27173,364471,3149,355334,6442
29001,134006,2243,141865,11054
29003,137991,1477,158586,7835
29005,228641,3350,275095,7596
29007,353971,9647,334624,17385
29009,73624,7205,96865,6446
29011,223964,2602,221538,3839
29013,278213,13784,281704,13123
29015,87181,2793,77410,3697
29017,79312,1429,77926,2987
29019,144365,1900,128476,4864
29021,136111,494,146293,6316
29025,153006,5247,168146,13676
29027,160866,3188,166621,23770
29029,24413,58,25931,266
29031,157336,6065,208542,26675
29033,320850,3911,333151,9967
29035,9589,470,9131,155
29037,202443,2553,201744,6416
29039,63257,687,62178,1758
29041,282647,5291,273919,8545
29043,53328,490,43919,483
29045,150888,3246,193841,7248
29047,57238,1372,64391,3018
29049,126853,1721,150161,12986
29051,67524,1959,70467,4424
29053,190348,5887,167345,13657
29055,47586,88,37660,225
29057,113406,3932,113513,1789
29059,60120,2075,57917,2171
29061,210489,1572,192784,11826
29063,168328,2972,133512,9644
29065,32090,553,27292,68
29067,45232,530,46623,467
29069,266226,64265,277935,78384
29071,128920,2501,120059,4634
29073,63742,2775,75437,2135
29075,160441,906,151954,5836
29077,68216,1434,78313,1597
29079,139825,1653,160152,6357
29081,264079,2457,259278,8370
29083,200171,2647,213405,6901
29085,57263,1101,50893,2198
29087,166501,2701,188278,11863
29089,139864,2350,133284,5587
29091,58477,1206,54749,2119
29095,75134,884,73339,1765
29097,127729,2397,141162,2941
29099,36264,413,34561,3868
29101,219868,10646,277465,8160
29103,193295,6498,161661,12282
29105,89550,2941,75010,1501
29107,244505,5558,265309,17209
29109,118108,2940,124118,4060
29111,201259,2495,152958,11918
29113,191809,4032,156995,7528
29115,209009,2737,206744,11915
29117,200540,3365,215060,5677
29119,49452,1534,44812,907
29121,214707,2842,236861,8089
29123,24082,824,22343,207
29125,59437,1075,64298,2430
29127,157511,2416,182528,9797
29129,119401,170,99511,3705
29131,62031,809,68121,1321
29133,232336,11335,243071,16985
29135,99864,4248,104649,10120
29137,237921,3671,226760,16484
29139,194016,7019,144729,22286
29141,77619,4067,85431,4874
29143,332498,10041,410493,23978
29145,93370,2156,91255,1904
29147,293281,5619,325374,12133
29149,35867,870,27331,364
29151,82392,1917,101496,3228
29153,29102,271,30419,752
29155,287458,8575,286670,23533
29157,122031,3482,124608,10434
29159,263154,7160,240028,17043
29161,27212,131,29437,188
29163,226028,4379,207835,11322
29165,100654,1925,126910,5819
29167,102638,2581,103448,1660
29169,20949,448,24240,348
29171,124729,1705,132591,2821
29173,196923,2249,181391,10293
29175,109074,1944,123692,5976
29177,174657,3972,179454,9763
29179,16469,73,13224,142
29181,45129,526,41053,765
29183,120971,1049,124188,2992
29185,99306,1555,115957,2353
29186,72266,1179,77082,9957
29187,32033,462,37602,1775
29195,362921,5536,355844,12258
29197,83792,1082,80762,3606
29199,158418,2792,181480,7485
29201,192796,7050,203368,15545
29203,22952,209,29099,87
29205,210951,2863,204812,5854
29207,396346,13259,437876,37999
29209,32121,931,20917,232
29211,158840,560,159731,5724
29213,18792,265,18763,93
29215,67951,294,82131,2223
29217,244358,6795,272229,8158
29219,85315,3061,81751,5502
29221,24292,235,20432,487
29223,27981,553,33167,944
29225,82900,3226,76980,2161
29227,69970,533,72806,1349
29229,67169,695,67540,492
31001,284338,2305,300549,15816
31003,343927,9899,364429,23516
31005,29305,709,31693,730
31007,191550,2462,191224,1710
31009,32578,480,28818,395
31011,326916,7097,319202,9321
31013,337490,16466,346638,11241
31015,98033,2858,135575,2511
31017,109405,423,108102,5116
31019,342337,4588,324488,10066
31021,278477,1295,275222,3348
31023,306621,5292,319085,19312
31025,304275,390,306383,7478
31027,371749,6366,393200,8347
31029,290647,6944,322955,8375
31031,358507,4569,383698,3898
31033,499252,3247,528751,3881
31035,259146,2852,259454,6836
31037,224946,4896,240401,15898
31039,312599,8313,330140,11672
31041,484929,15469,481876,34485
31043,135963,1756,151099,81
31045,172727,3848,174531,2383
31047,321769,6193,303662,12893
31049,216103,944,226814,1256
31051,226275,984,221799,6403
31053,304968,4433,312456,7903
31055,76250,402,81581,3808
31057,208550,2030,210461,1322
31059,296448,1052,305326,7011
31061,166249,1538,187011,10426
31063,174670,2800,203805,6024
31065,282694,1861,291461,2571
31067,421998,4649,449429,8900
31069,149378,1436,166330,2426
31071,70672,731,66383,1250
31073,171793,3998,150248,7823
31077,154354,4249,156471,10719
31079,245395,3052,272034,4955
31081,273153,1468,286661,17796
31083,211804,3067,220639,4330
31085,186112,6147,195667,5046
31087,207355,2101,228336,662
31089,600530,13449,607954,27584
31093,182496,5248,177984,14522
31095,270681,586,283739,3002
31097,132877,1760,137665,8544
31099,242767,13731,244933,28534
31101,253940,4389,226675,7805
31103,98043,2502,95619,3851
31105,384828,2424,410680,2740
31107,326636,7010,323551,10298
31109,402619,3032,362935,14361
31111,432296,13883,421610,23661
31113,61448,418,41865,999
31115,29347,205,24049,845
31117,20167,500,22733,932
31119,290980,7948,312084,25538
31121,200159,3940,210497,12302
31123,240452,9871,242450,11727
31125,133660,4003,158833,10285
31127,211371,2242,229970,6177
31129,230387,2729,248692,8344
31131,321871,3616,331038,5506
31133,180059,1213,183745,1189
31135,432139,2867,432062,6302
31137,264991,8749,277090,7534
31139,260567,4091,275201,14272
31141,351509,7406,336411,18908
31143,212173,2573,224983,8274
31147,245822,2465,272419,7316
31149,146894,1792,121374,2050
31151,296607,2295,305041,4819
31153,82246,175,92986,1078
31155,412033,5465,436188,17747
31157,239731,5167,218126,7619
31159,294273,11934,310452,18924
31161,275463,4992,301456,6152
31163,127686,982,158959,3615
31165,93967,3659,97637,1749
31167,195055,3553,203713,12148
31169,253995,1074,251004,5559
31173,215904,4569,206766,2714
31175,150695,1448,172629,7230
31177,209813,2523,215935,1949
31179,238394,3526,253645,5772
31181,177770,1647,206158,6213
31183,90905,1717,87779,7828
31185,313071,1071,327256,10193
38001,380034,2522,388019,4626
38003,836450,2127,819825,13261
38005,644352,2046,586721,7164
38007,131319,363,125728,2564
38009,772989,8890,865610,11510
38011,372577,2876,334867,1749
38013,434636,4463,393351,6673
38015,494684,4951,423352,5374
38017,1044517,4065,1085430,14391
38019,871523,1434,877208,4096
38021,481131,5518,541941,12932
38023,419216,1601,538723,2243
38025,374287,2183,417815,4168
38027,288664,2190,285628,4160
38029,443946,3294,500409,8646
38031,314321,992,342911,10620
38033,242607,2112,274099,2558
38035,749199,1653,744093,11148
38037,503992,2089,429013,3389
38039,342371,6396,364840,19560
38041,558544,6890,586003,2817
38043,429836,5009,423945,7429
38045,611292,7150,632944,7230
38047,333286,1423,347661,2834
38049,624781,1431,629415,5598
38051,397247,3487,298286,4083
38053,425625,3506,433255,5732
38055,838969,11780,807311,11264
38057,230953,3017,232831,2481
38059,549123,4346,562846,5113
38061,578761,5064,697242,2280
38063,474902,3870,475351,7439
38065,165135,1506,148539,2365
38067,632836,10117,640772,20480
38069,479840,5249,435295,8081
38071,622710,1980,626350,4385
38073,339290,6063,389053,15465
38075,445777,17273,523440,12342
38077,788492,8526,822988,19780
38079,365520,1343,373089,9111
38081,432498,6313,489203,13255
38083,347268,1937,397900,2530
38085,155901,1122,226064,820
38087,245006,2253,286479,843
38089,498785,5519,493631,5082
38091,396979,982,398585,3852
38093,1030565,4583,1048238,23775
38095,573310,1889,552379,5404
38097,526183,3749,526077,4247
38099,714525,3279,720275,8122
38101,829363,2043,967455,7046
38103,622310,5985,664776,19752
38105,739086,3361,754415,3661
39001,84394,2626,89226,11127
39003,163025,3368,172699,9693
39005,110937,7991,120812,12875
39007,109025,2190,101081,2238
39009,28044,916,30432,1110
39011,191496,5315,194575,16759
39013,34967,386,41431,1342
39015,139279,5699,154673,11508
39017,116351,2358,92146,2710
39019,58445,3066,64345,5068
39021,164873,3037,168701,3500
39023,149820,4586,151402,2268
39025,88523,1340,65529,3422
39027,187727,4005,190717,5411
39029,81687,4834,95927,9749
39031,88718,3579,97155,6599
39033,221930,8118,220942,13389
39037,311595,7845,316123,10655
39039,198111,6571,205771,15307
39041,123380,3947,117539,8640
39043,71855,2150,77112,4940
39045,162932,5976,153607,9592
39047,180569,3189,189877,4047
39049,53536,475,45000,203
39051,179634,5763,182198,16611
39053,34606,996,37576,2384
39055,32671,1306,33577,1034
39057,124738,1280,149590,4212
39059,51740,4472,59132,4918
39061,9994,990,8405,724
39063,212775,3804,226730,17403
39065,222562,8080,243997,25450
39069,221399,8213,225208,11570
39071,197691,4758,224722,9462
39073,14048,322,14069,186
39075,124136,11993,104215,12880
39077,208716,8155,213866,12772
39079,27184,624,27257,847
39081,25857,262,32970,521
39083,128695,8151,139999,21757
39085,8561,297,8267,400
39087,16954,361,15978,329
39089,161360,3096,160705,4422
39091,177746,6221,183851,13211
39093,102718,2974,105149,7184
39095,59696,1216,61938,5826
39097,244231,6983,235321,11460
39099,54494,1808,56429,2437
39101,174829,1237,190282,9141
39103,72363,1193,78627,3619
39105,24620,543,31354,1078
39107,248701,18314,248544,15985
39109,164828,6319,158306,6793
39111,29697,693,31103,1050
39113,104672,780,91369,3346
39115,29975,725,40318,880
39117,139176,3923,139079,13865
39119,79187,2505,88133,4380
39121,28794,220,24365,234
39123,103623,4740,115059,14240
39125,205293,9612,208175,18206
39127,67787,1300,58863,1768
39129,265843,3572,274958,6921
39131,53230,3590,54339,3001
39133,58726,982,59464,6028
39135,195108,4893,188287,5146
39137,287239,12721,291173,38220
39139,120285,7876,113080,7536
39141,153693,4690,168173,4897
39143,166275,3164,166414,11013
39145,41989,488,45142,1241
39147,258061,8725,242837,30293
39149,183182,6645,197251,12128
39151,105377,4305,101697,7210
39153,9645,297,10653,387
39155,77462,1391,82006,2836
39157,78421,5009,80075,9144
39159,216618,4030,196063,11715
39161,214763,5241,250762,16637
39163,11827,477,14006,634
39165,80238,2886,71243,3403
39167,49522,2273,56999,5709
39169,209627,13641,204037,22544
39171,181570,9908,189883,24037
39173,252201,8558,253839,17821
39175,201977,2805,205093,12099
46003,267707,3403,228778,5706
46005,576930,3273,548456,5704
46007,178644,990,214299,465
46009,277172,1504,228354,4071
46011,327406,1847,345429,2581
46013,854474,3778,884554,5919
46015,263853,1967,277869,3999
46017,86974,834,85435,1315
46019,116836,2184,150243,1955
46021,210950,2569,250820,2757
46023,448940,4643,451000,4812
46025,401298,2437,444844,4637
46027,237577,1865,221206,3376
46029,255903,2743,268043,2742
46031,346430,3272,398555,3044
46033,46911,119,49435,330
46035,210170,1262,212393,2362
46037,395007,2218,456455,11284
46039,207641,2629,223776,2567
46041,214442,801,195586,1798
46043,192294,4515,214714,6890
46045,492795,1475,569487,3922
46047,63815,1993,68739,1955
46049,382776,2312,408359,5361
46051,290676,2491,307747,3534
46053,239087,3569,226113,5694
46055,324595,85,323940,2616
46057,241718,1363,249634,2978
46059,565623,1245,578039,3039
46061,212178,295,225992,3487
46063,179675,1558,184604,1913
46065,269476,2863,262987,6750
46067,409677,1639,363750,4650
46069,216327,1910,219914,1342
46071,176567,3105,185533,1556
46073,181643,270,219801,2832
46075,210080,999,233783,4984
46077,382259,1519,391197,5640
46079,207264,1221,225644,6106
46081,29718,467,33608,915
46083,329906,1455,267866,5643
46085,456423,3961,419157,8171
46087,299530,766,294253,4407
46089,286779,2387,383940,5473
46091,315968,2093,343430,5805
46093,349829,2443,394758,1723
46095,117445,3640,131081,962
46097,231483,1638,239830,5850
46099,322386,3593,317964,4687
46101,208768,1055,223522,7024
46103,222806,1937,207236,1246
46105,393243,1454,347672,588
46107,357337,NA,386454,1582
46109,429272,2034,451658,7456
46111,221771,5428,200379,1925
46115,714684,10687,832799,12990
46117,219367,NA,195706,5740
46119,501040,3752,505654,6368
46121,125212,1257,113678,1627
46123,477836,5478,438142,12977
46125,329332,4435,350342,13757
46127,259279,1395,266743,3381
46129,245726,7098,273828,8822
46135,265001,687,252592,3848
46137,175611,616,256789,2009
55001,87541,27836,84544,33858
55003,21243,221,24712,1128
55005,202890,7669,208784,9907
55007,36296,884,42610,815
55009,151332,6517,166639,15559
55011,162746,6275,164341,9924
55013,44395,1349,48965,2037
55015,120851,6633,131510,12214
55017,249869,9536,243035,10791
55019,310919,14788,323806,14484
55021,234125,8109,242906,7142
55023,98432,3627,98951,4362
55025,396321,13390,410309,11940
55027,332609,12059,340487,15797
55029,94302,3079,90126,3196
55031,29093,129,26792,188
55033,252539,19358,240765,30287
55035,128821,6154,112983,12252
55037,4876,208,8040,85
55039,262142,17785,270370,17923
55041,10265,238,13136,1466
55043,361323,19968,379967,18946
55045,238606,11931,239493,11930
55047,119913,9597,99674,9442
55049,198162,11147,216441,12713
55053,139347,4469,135568,5469
55055,181813,9162,183898,8968
55057,108817,7645,112995,5554
55059,68098,1393,65214,2071
55061,144713,7738,146229,11267
55063,86855,3837,85863,5554
55065,276055,16015,265418,12357
55067,73093,6500,75817,6248
55069,38249,1810,43032,1127
55071,186852,8733,187965,10118
55073,320051,17073,322853,17672
55075,84717,4975,88578,1885
55077,84161,3193,81970,9012
55081,173238,8085,165234,6997
55083,141002,5713,142869,3891
55087,210085,12040,206163,13788
55089,51672,2617,48306,2535
55091,63018,4285,69294,6835
55093,166276,8537,166265,14801
55095,159940,4108,164959,7380
55097,201386,54883,207120,54225
55099,39444,3058,34273,1174
55101,92558,860,109772,1146
55103,111825,4530,118484,3970
55105,303657,7365,302797,11856
55107,70073,3327,70661,1516
55109,196082,5409,216465,7835
55111,209776,13434,197736,11377
55113,21896,289,26032,373
55115,183461,10120,186192,10349
55117,155878,6507,164302,3489
55119,119997,4033,133702,1688
55121,197816,8003,215632,11458
55123,181510,8695,196566,9880
55127,163902,3721,167725,5952
55129,38201,1285,34098,1270
55131,107278,7917,108874,5889
55133,75648,2968,71502,7787
55135,141514,8471,142570,7971
55137,108688,26144,100239,20813
55139,126153,4092,136192,3736
55141,132947,4876,128114,3693
